epoch,train_loss,test_loss,r2,mse,mae,best_loss
1,1.3978557355763703,0.5612104248183317,-0.08926272484051978,0.5612104335134914,0.5921348253412148,0.5612104248183317
2,0.6015206580533713,0.5129300286624187,0.004445516798699756,0.5129300308936063,0.5874468693967725,0.5129300286624187
3,0.47607572731093983,0.3633887785557663,0.2946926297661351,0.3633887821390026,0.4515346166096217,0.3633887785557663
4,0.45200116749031233,0.3311583587203047,0.35724919588652637,0.33115835986261344,0.43678315030480286,0.3311583587203047
5,0.42882276304918737,0.3672729661319011,0.28715375220970785,0.36727296604171267,0.48259867712211324,0.3311583587203047
6,0.40784686509254164,0.3730400344120941,0.275960353731893,0.37304003386563317,0.492674562508232,0.3311583587203047
7,0.40424239979454535,0.3738423566349217,0.2744031124251497,0.37384235643567293,0.4386548491419694,0.3311583587203047
8,0.3935758545624083,0.3384739517632611,0.34305023592106487,0.3384739544349184,0.4557180141727544,0.3311583587203047
9,0.37912858556554485,0.3182340130187715,0.3823342811933266,0.31823401087067177,0.43057713458861396,0.3182340130187715
10,0.3790696086377449,0.3288294505078107,0.3617694170203394,0.32882944948660164,0.4275728863859674,0.3182340130187715
11,0.37407120321915915,0.3063102187769246,0.40547737660851135,0.3063102147886002,0.4104417304878974,0.3063102187769246
12,0.35619260244701634,0.35267861020902586,0.3154801810439931,0.35267861057223143,0.4689579976475541,0.3063102187769246
13,0.3557229384458678,0.30626857973601884,0.4055581892265022,0.30626857847502614,0.40422527694133636,0.30626857973601884
14,0.3446871045810073,0.31801298016407453,0.38276328306739604,0.31801298033117553,0.44062151674364436,0.30626857973601884
15,0.3416782757931483,0.32489837726075677,0.3693993023815876,0.32489837650154996,0.45403484011904494,0.30626857973601884
16,0.35172322411244583,0.3040150263625712,0.40993214775023756,0.3040150255870992,0.40507140138287834,0.3040150263625712
17,0.3501314553850721,0.30546325152037573,0.4071212685719593,0.30546324802804115,0.41372607681683743,0.3040150263625712
18,0.34115108059808785,0.29675969210537995,0.42401414765901757,0.29675969122807166,0.4003238542957562,0.29675969210537995
19,0.3277162104696777,0.27998586987241014,0.45657072958568334,0.279985874370016,0.3970710140404509,0.27998586987241014
20,0.32220528359041484,0.33484822769278744,0.35008746916890066,0.3348482279396583,0.4633953830701939,0.27998586987241014
21,0.3263639264241182,0.30056865950810396,0.416621257667099,0.30056865935179927,0.40584435796950863,0.27998586987241014
22,0.323149879298993,0.27123009074818005,0.47356497310160195,0.2712300925431854,0.3925541403041334,0.27123009074818005
23,0.30822222647975334,0.26469110127888207,0.486256616375355,0.26469109835819266,0.3834795411759446,0.26469110127888207
24,0.315889050671908,0.251633037220348,0.511601230811457,0.25163303465092723,0.3730556584683687,0.251633037220348
25,0.30614532839204145,0.2821544421234358,0.45236171605167486,0.2821544442257694,0.3943147076579746,0.251633037220348
26,0.304173031651954,0.26494514533553143,0.485763519889413,0.264945151752593,0.3893167016758471,0.251633037220348
27,0.30269427335084376,0.2715374460518804,0.4729684263699355,0.27153744561995447,0.3850577037487229,0.251633037220348
28,0.29217139539829334,0.3133748107091503,0.39176559049657766,0.3133748074278547,0.3940801023548655,0.251633037220348
29,0.294396990646375,0.29456521928221563,0.4282734301616662,0.2945652217715704,0.3949497993230464,0.251633037220348
30,0.2890157441397014,0.2586578555327414,0.4979666366192992,0.25865785643437866,0.37246665585058814,0.251633037220348
31,0.27799118231382736,0.241066400766728,0.5321101874193673,0.2410664007559503,0.36343737828216327,0.241066400766728
32,0.2805448561363157,0.2326537479053844,0.5484384490417853,0.23265374642135844,0.36901404996209636,0.2326537479053844
33,0.2817701894054761,0.2515768223121518,0.5117103354841076,0.2515768216921614,0.3826083575559977,0.2326537479053844
34,0.2668272284923699,0.23718403135433283,0.5396455422409029,0.2371840318383036,0.35873420689749114,0.2326537479053844
35,0.2676859984152748,0.25633342859464325,0.5024781607747099,0.2563334269195109,0.3778041073533355,0.2326537479053844
36,0.26467768643823625,0.24436425025701167,0.5257093426859261,0.24436424687313293,0.3808038558050346,0.2326537479053844
37,0.25527451200469414,0.21664610349652308,0.5795079492943196,0.2166461044557113,0.3489819681591142,0.21664610349652308
38,0.2469541635877062,0.20718087169345906,0.597879172448361,0.2071808745572383,0.3429609275965684,0.20718087169345906
39,0.24075686457145273,0.21392229061723644,0.5847946528736128,0.21392228664763668,0.3447329859442221,0.20718087169345906
40,0.24089415322488814,0.23170258035958258,0.5502845813814279,0.23170258128274984,0.35036012206098893,0.20718087169345906
41,0.24473848580127924,0.21665767976672745,0.5794854823976483,0.21665767986037085,0.3529589392922141,0.20718087169345906
42,0.23605006389554659,0.2336424494997755,0.5465194540828582,0.23364245187161367,0.35959890027337565,0.20718087169345906
43,0.23945934748768213,0.20770689591920855,0.5968582098873523,0.20770689534946604,0.32910967299550903,0.20718087169345906
44,0.2337224146619958,0.20627473079323236,0.5996379234019572,0.20627473009585087,0.3436153208623167,0.20627473079323236
45,0.23498894958749142,0.2072627722062226,0.5977202198781746,0.20726277017230713,0.3379438545238421,0.20627473079323236
46,0.22738035365716736,0.209759317105289,0.5928746326560609,0.20975931581142096,0.33614149249967984,0.20627473079323236
47,0.22635807461208768,0.2302748279315704,0.5530557315119964,0.23027482805972918,0.3546983161732976,0.20627473079323236
48,0.22797630398625363,0.20726692445587294,0.5977121598329526,0.20726692287245013,0.34295472089650914,0.20627473079323236
49,0.21921717448416436,0.19809643095900512,0.6155113179437696,0.19809643258415965,0.32625385688065417,0.19809643095900512
50,0.2149916172422975,0.22929668852895632,0.5549542155089189,0.22929669027659036,0.34156830584416625,0.19809643095900512
51,0.22209822451495018,0.2042859730528648,0.6034979314065952,0.204285975026714,0.34357930295691225,0.19809643095900512
52,0.21362098481129255,0.19484377511389742,0.6218244577206191,0.19484377385436077,0.32797534774916715,0.19484377511389742
53,0.21249986944309318,0.18992656318334816,0.6313683513886559,0.189926564644223,0.325471636435314,0.18992656318334816
54,0.20948934721116402,0.22681184923595538,0.5597770861165678,0.22681184870185053,0.37099358648194997,0.18992656318334816
55,0.21148786878902126,0.1944224670995721,0.6226421733421262,0.19442247004218458,0.32843476222986256,0.18992656318334816
56,0.21183352335966246,0.20339936364425454,0.6052187754268051,0.20339936099268238,0.3296300743091657,0.18992656318334816
57,0.20357391057322868,0.18284345064006868,0.6451160915371779,0.1828434477499839,0.31769467963547005,0.18284345064006868
58,0.20490477326299816,0.21033033066819215,0.5917663390692164,0.21033033133425943,0.3433948366190744,0.18284345064006868
59,0.2059828158041731,0.18174211776380922,0.6472536806593352,0.18174211811612964,0.31147174081930284,0.18174211776380922
60,0.20288329899409913,0.22416078138280376,0.56492259064766,0.22416077953122165,0.34904772052111105,0.18174211776380922
61,0.20332280573362538,0.20510929423188665,0.6018999378922185,0.2051092939675934,0.3308523429665942,0.18174211776380922
62,0.20108271289623,0.22114017254904733,0.5707853454460591,0.22114016835362488,0.33785851985971194,0.18174211776380922
63,0.19788374529153752,0.2088986956771191,0.5945450277081659,0.20889869411754275,0.3589043730950391,0.18174211776380922
64,0.19886027400568745,0.21160475401160614,0.5892927881433494,0.2116047553604986,0.34590191563977213,0.18174211776380922
65,0.1972151479515468,0.2298582875781905,0.5538642044546563,0.22985828626472699,0.34450003571375293,0.18174211776380922
66,0.1978696483086986,0.19993105446350734,0.6119504757652461,0.19993105130112243,0.3290314013485404,0.18174211776380922
67,0.20143948293246242,0.24039231043103554,0.5334185350986682,0.24039231327315838,0.3441050482577965,0.18174211776380922
68,0.19392481304915193,0.1889576258140598,0.6332489793031353,0.18895762667995264,0.3285900825182123,0.18174211776380922
69,0.19738787592544682,0.22241544332660612,0.5683101433031905,0.22241544312063405,0.36145900436378625,0.18174211776380922
70,0.19515343368745364,0.217226537258188,0.5783813719501603,0.217226540144259,0.3548296709529689,0.18174211776380922
71,0.20070491449947578,0.1967756538561666,0.6180748379670513,0.19677565463887828,0.329812867097812,0.18174211776380922
72,0.19318049701292123,0.19211724795811932,0.6271164146575477,0.19211724940899041,0.3306058551089064,0.18174211776380922
73,0.19230465291942134,0.19147253818199284,0.6283677457361638,0.19147253804497866,0.31995437823891104,0.18174211776380922
74,0.18988927468336242,0.19853948871709196,0.6146513785655068,0.19853949093937956,0.338333237188939,0.18174211776380922
75,0.1936011042958666,0.22431637455560766,0.5646205933982804,0.22431637469057036,0.3418803470856031,0.18174211776380922
76,0.19438473678149196,0.2274527947700148,0.558533057234893,0.22745279782465305,0.3854185280607994,0.18174211776380922
77,0.19092818192186245,0.18305658157109858,0.644702415620527,0.18305658204277053,0.32141491339920886,0.18174211776380922
78,0.18978760540979617,0.21047231017566118,0.591490770120653,0.21047231009251424,0.33202998506685305,0.18174211776380922
79,0.18883112012648068,0.1858002702454341,0.6393771427187009,0.18580027155463646,0.31995797974519685,0.18174211776380922
80,0.18493273693135326,0.21506484290348968,0.5825770438438105,0.21506484417448218,0.33431923229541577,0.18174211776380922
81,0.18840270338959955,0.18839597062453428,0.6343391078100273,0.18839597017781923,0.31934023827269964,0.18174211776380922
82,0.18840412931458075,0.2279508088988803,0.5575664555773272,0.22795081076763404,0.3502237153657325,0.18174211776380922
83,0.18818671628215025,0.19719357177859448,0.6172636973241816,0.19719357088758854,0.32260882410313796,0.18174211776380922
84,0.1893914404200084,0.1992404965458968,0.6132907852930226,0.19924049642030994,0.3286155325467469,0.18174211776380922
85,0.18494746748290053,0.18580045358967676,0.6393767880806096,0.18580045427143418,0.32265003320890107,0.18174211776380922
86,0.18451119228382015,0.17521494227265813,0.6599223891613466,0.17521494039460173,0.3109833735822743,0.17521494227265813
87,0.18549593204684914,0.18929630242587914,0.6325916376592391,0.1892963025388842,0.31969113214893596,0.17521494227265813
88,0.18284741673698868,0.19435041458880314,0.6227820242766026,0.1943504159805015,0.326768765684034,0.17521494227265813
89,0.19021025585693307,0.197693216107819,0.6162939262339133,0.19769321678711937,0.34052180817514527,0.17521494227265813
90,0.18334773294565887,0.23808182440642628,0.5379030053513958,0.23808182248226115,0.3544309228081284,0.17521494227265813
91,0.1849800103141696,0.18477979786527493,0.6413577972149211,0.18477979784970272,0.3225852103595762,0.17521494227265813
92,0.18705889727938826,0.20239587974264084,0.6071664460665309,0.2023958812452027,0.3330357575736351,0.17521494227265813
93,0.17880372404063716,0.17814032189359252,0.6542444646703344,0.17814032321767076,0.3169372355351683,0.17521494227265813
94,0.17807420822320688,0.1820442168439021,0.6466673312676781,0.18204421731476925,0.31625636181781613,0.17521494227265813
95,0.18145642794582184,0.19196811340604916,0.6274058751597731,0.19196811343817796,0.32616665679545054,0.17521494227265813
96,0.1878806318216656,0.2086168323295127,0.59509209488504,0.20861683391936198,0.3470326884137536,0.17521494227265813
97,0.17783783245244825,0.185682874500485,0.6396050009355982,0.1856828743411191,0.31737447175823275,0.17521494227265813
98,0.18241124024636315,0.18624909020038724,0.6385060195175623,0.18624909204413428,0.32221189092417235,0.17521494227265813
99,0.17209834079837324,0.1914102171288162,0.6284887032099065,0.19141021828067598,0.323053580993334,0.17521494227265813
100,0.17853966474928468,0.1901480572411982,0.630938452526308,0.19014805733042558,0.3265121093272452,0.17521494227265813
101,0.17309813295826193,0.17966268528058527,0.6512896838214731,0.17966268674238384,0.3249749782010802,0.17521494227265813
102,0.1733646123168085,0.19573081268105882,0.6201027861003277,0.19573081428488057,0.3229504079292855,0.17521494227265813
103,0.1806335313007804,0.18325499024369854,0.6443173232310198,0.18325498951778046,0.3166575119143627,0.17521494227265813
104,0.17465719002396313,0.1996181441135094,0.61255780532279,0.1996181426919302,0.330524611579679,0.17521494227265813
105,0.17483970942979626,0.17493391179114626,0.6604678447875896,0.17493391050026558,0.31504047751959674,0.17493391179114626
106,0.17378503750410443,0.18815097865688818,0.6348146116912741,0.18815098085316304,0.3232814977847695,0.17493391179114626
107,0.169262773618967,0.1790957806184999,0.6523900046500481,0.1790957789476653,0.3217133324476717,0.17493391179114626
108,0.16932209320922395,0.1888290549532667,0.6334985219927464,0.18882905718260087,0.32838737129632123,0.17493391179114626
109,0.1739899597753142,0.17761672378119342,0.6552607268269742,0.17761672416990684,0.31752191961433424,0.17493391179114626
110,0.17308725761141547,0.18731664367653042,0.6364340014536745,0.18731663812770424,0.32095247160659995,0.17493391179114626
111,0.1717828367479998,0.18279049506663567,0.645218866743858,0.18279049586153673,0.3277227356252656,0.17493391179114626
112,0.17334031740428993,0.21176865026243752,0.5889746763718581,0.21176865305121462,0.3424661198600394,0.17493391179114626
113,0.16487889780136286,0.1902469266900007,0.6307465561502942,0.19024692626802567,0.31989170222275304,0.17493391179114626
114,0.1652361802200773,0.17611466470311898,0.6581761013931539,0.17611466356797134,0.3147247331508403,0.17493391179114626
115,0.16724116064818145,0.19490072304374592,0.6217139275383987,0.19490072126481156,0.3389885983417357,0.17493391179114626
116,0.16889023905369774,0.17478348992087625,0.6607598015862934,0.17478348838645297,0.31160098074445425,0.17478348992087625
117,0.1769433416735078,0.19933928249489888,0.6130990455605243,0.19933928465196718,0.31851395338373995,0.17478348992087625
118,0.17284566660227862,0.20104263187698387,0.6097929904369117,0.2010426318673176,0.34837142330345916,0.17478348992087625
119,0.17412763843884319,0.20092872464710126,0.6100140766795821,0.20092872371342296,0.3382699230211147,0.17478348992087625
120,0.16959161556775298,0.20815783534781943,0.5959829690638235,0.20815783732223314,0.3418020875194567,0.17478348992087625
121,0.17371363776240184,0.1736795177402866,0.6629025128005548,0.1736795197459894,0.3101526592953905,0.1736795177402866
122,0.1654716994533096,0.17621640547910142,0.6579786273084431,0.17621640625516777,0.309058237004742,0.1736795177402866
123,0.1675564815353596,0.19611529124298324,0.619356551036311,0.19611528985191243,0.33394008386330526,0.1736795177402866
124,0.16783765785729707,0.17927025824829648,0.6520513592417132,0.17927025598803847,0.3110397107199656,0.1736795177402866
125,0.16158946789121548,0.17568778494253598,0.6590046353866147,0.1756877859093065,0.3103606256749342,0.1736795177402866
126,0.1677913130219303,0.1857897915534575,0.6393974863687832,0.1857897900900443,0.3131675457279302,0.1736795177402866
127,0.16702109687957004,0.17671078185921454,0.6570190815242875,0.1767107838678607,0.31364135486358324,0.1736795177402866
128,0.1629760830754269,0.1784865170406336,0.6535725311036025,0.17848651713368227,0.30888263443720854,0.1736795177402866
129,0.16564429059352842,0.1686406213729108,0.6726826016294654,0.16864061795828986,0.306483980085029,0.1686406213729108
130,0.16666661007685052,0.18232773419819362,0.646117043866504,0.1823277366383696,0.31705328959821766,0.1686406213729108
131,0.16055414439433843,0.19069675112978712,0.6298734845778899,0.19069675059824778,0.3182031287521612,0.1686406213729108
132,0.16296986418576975,0.1871891824747873,0.6366813836767662,0.18718918174688928,0.31258291849969216,0.1686406213729108
133,0.16202242077879644,0.19020395236292467,0.6308299663164543,0.1902039516445096,0.32846051925340813,0.1686406213729108
134,0.1618073531841955,0.17325360728802516,0.6637291715686959,0.1732536082417615,0.30811312159553905,0.1686406213729108
135,0.17041265495974034,0.18171852356275398,0.6472994783226245,0.18171852222334614,0.3260962831636477,0.1686406213729108
136,0.1574462963771662,0.1835681521590527,0.6437094959874234,0.18356815454500566,0.3091780936842348,0.1686406213729108
137,0.1658825537458581,0.1771417964588512,0.6561825171082379,0.177141798964482,0.3116378315159532,0.1686406213729108
138,0.16241258839469644,0.19345744391667327,0.624515204248788,0.1934574462117164,0.33058439601551404,0.1686406213729108
139,0.15988384825277882,0.1869177423895027,0.6372082243307111,0.18691774266699585,0.31771448578813216,0.1686406213729108
140,0.15907931905085373,0.17412779974333398,0.6620324396600976,0.17412779922274824,0.3045648235144807,0.1686406213729108
141,0.16174509511460514,0.20605656180403095,0.60006137147649,0.2060565609874626,0.33424822157790157,0.1686406213729108
142,0.16578245499043123,0.17508953871918861,0.6601657806848534,0.17508954010383093,0.3105820820690445,0.1686406213729108
143,0.16384651318909121,0.21816491618774686,0.5765600611992916,0.2181649166926784,0.3412985027102884,0.1686406213729108
144,0.16692728205502133,0.21159659945662793,0.5893086145739046,0.21159660125979335,0.33830257393031116,0.1686406213729108
145,0.16479288292168384,0.18952319092615527,0.6321512609769924,0.18952319361219166,0.3190519237660438,0.1686406213729108
146,0.1677415750710723,0.2014587998567857,0.6089852461203243,0.20145879825926535,0.33961064769329863,0.1686406213729108
147,0.16506817684837835,0.2006765104796954,0.6105036041181191,0.20067650916524005,0.34243992508434856,0.1686406213729108
148,0.15962632706706995,0.1904794334832318,0.6302952840742488,0.19047943087105154,0.3367729648925508,0.1686406213729108
149,0.16406211837211848,0.20552763391713627,0.6010879694651718,0.20552763670764154,0.3406304744601072,0.1686406213729108
150,0.16368025472112754,0.1802636201975065,0.6501233247951269,0.18026361876721186,0.30921917203286364,0.1686406213729108
151,0.1596634851759346,0.20367633390355572,0.6046811942695436,0.20367633379955005,0.3557339098343373,0.1686406213729108
152,0.15817046602369345,0.17939474436991618,0.6518097443297146,0.17939474093222477,0.31847577443243674,0.1686406213729108
153,0.15765112511949556,0.19152540990030711,0.6282651295747278,0.1915254079900633,0.3292287579236549,0.1686406213729108
154,0.16050974862097112,0.17862950280952739,0.6532950101695109,0.17862950159480334,0.3206763637048122,0.1686406213729108
155,0.15519260450777525,0.18157160442028245,0.64758463132632,0.18157160556387342,0.31469054513467937,0.1686406213729108
156,0.1586914660918772,0.1694487324414772,0.6711141183846773,0.16944873260473117,0.3084278824432419,0.1686406213729108
157,0.1588419457375509,0.1757719900497914,0.6588412021391432,0.1757719900609517,0.3153779126492769,0.1686406213729108
158,0.15596011034884857,0.17258347661946463,0.6650298404432098,0.1725834770362433,0.306657442215125,0.1686406213729108
159,0.15706047448352795,0.17152251607437247,0.6670890791704729,0.17152251512826622,0.30718212866747613,0.1686406213729108
160,0.15861231149923347,0.1739851458417321,0.6623093210477538,0.17398514426903075,0.312670866885235,0.1686406213729108
161,0.15969521550594476,0.2012028722578296,0.6094819842084545,0.2012028686369394,0.3387111601282339,0.1686406213729108
162,0.15866226191149027,0.17603049868087656,0.658339451646297,0.1760305021767014,0.3171631341186614,0.1686406213729108
163,0.1575493338096201,0.20822822461362744,0.5958463565965172,0.20822822285939685,0.32760014867995785,0.1686406213729108
164,0.1573562180027242,0.19179759757529427,0.6277368278900642,0.1917975998228641,0.3266609983543703,0.1686406213729108
165,0.16250770123641486,0.1941781797281143,0.6231163159117463,0.19417818209312007,0.3437956164739526,0.1686406213729108
166,0.15578565910878664,0.19136041820315774,0.6285853567385047,0.19136042040597764,0.3359178779022171,0.1686406213729108
167,0.1629710618931658,0.19598313628650102,0.6196130543982326,0.19598313407382614,0.32618685877269854,0.1686406213729108
168,0.15335591126041823,0.17246996628012282,0.6652501553682089,0.1724699662809879,0.30380784203860517,0.1686406213729108
169,0.15971465201717902,0.17864297043904107,0.6532688700689537,0.17864296950922945,0.32128525135591735,0.1686406213729108
170,0.1532769775706935,0.1810537073900021,0.6485898248126436,0.18105370932143372,0.3149904508349082,0.1686406213729108
171,0.1556169511864632,0.20077457868573206,0.6103132567147782,0.20077458004043935,0.34800397159445656,0.1686406213729108
172,0.15490603587322962,0.17515345728344073,0.660041719715743,0.17515345885242006,0.32192770024170286,0.1686406213729108
173,0.1565265780657678,0.18629644986591823,0.6384141025351322,0.18629644955337463,0.31423656560269625,0.1686406213729108
174,0.15260983238963544,0.20468385670828215,0.602725675707318,0.20468385695720787,0.34678033069775466,0.1686406213729108
175,0.1533394301708658,0.17584495324136248,0.6586995869854453,0.17584495308445974,0.3108681680193246,0.1686406213729108
176,0.15515073533872664,0.1835043615093885,0.6438333160062288,0.18350435993894157,0.32479457528331773,0.1686406213729108
177,0.15428529529033808,0.17714339929970116,0.6561794092255173,0.1771434002092223,0.30698636960343706,0.1686406213729108
178,0.15847339276255265,0.19257440012720053,0.6262291227440242,0.1925744003497926,0.3307563842853029,0.1686406213729108
179,0.15195189693673927,0.1815810271062723,0.64756634149815,0.1815810288574115,0.3140478787940945,0.1686406213729108
180,0.15563868238755918,0.18367959134802556,0.64349320448973,0.18367959234822576,0.3125248864937113,0.1686406213729108
181,0.15422125779969578,0.19265341012559598,0.6260757650802571,0.19265341335464678,0.3278227484883566,0.1686406213729108
182,0.15183564533246294,0.1878138100159328,0.6354690324377293,0.18781380990033142,0.31271283992534243,0.1686406213729108
183,0.1537911510388452,0.2042413077660005,0.6035846261449225,0.20424130812444102,0.3223350627234014,0.1686406213729108
184,0.15562617395252334,0.18957576701964424,0.6320492213528258,0.18957576651348365,0.3251804481142502,0.1686406213729108
185,0.15087465047836304,0.2039403371768275,0.6041687884540878,0.20394033575543163,0.32800577934026365,0.1686406213729108
186,0.15408788316483127,0.1813406116383264,0.6480329699451393,0.1813406123380057,0.3180061559208104,0.1686406213729108
187,0.15222639918920414,0.19538801721950935,0.620768124353009,0.19538801840955572,0.33229655551484016,0.1686406213729108
188,0.15180464801108265,0.1860001900867627,0.6389891213638281,0.18600018809250615,0.3144776668349606,0.1686406213729108
189,0.1490614190425841,0.17942770049753204,0.6517457767139615,0.17942769835613082,0.31351205595559406,0.1686406213729108
190,0.14893033292953844,0.18425922173501483,0.6423681933546403,0.1842592210938285,0.3180881989162121,0.1686406213729108
191,0.1511498777476907,0.18513638358535425,0.6406656892387678,0.18513638603405658,0.3210572833986467,0.1686406213729108
192,0.15067716194424857,0.21162360755590676,0.5892561925399116,0.21162361016384554,0.3573392890782363,0.1686406213729108
193,0.14869209869979427,0.19269488572008386,0.6259952680705705,0.19269488706036764,0.3264426993186712,0.1686406213729108
194,0.14875762237245171,0.1800134700741036,0.6506088452544189,0.18001346869668708,0.3107493374990813,0.1686406213729108
195,0.15000226153663143,0.20987628042786735,0.5926476165245094,0.2098762791653457,0.34207593488622173,0.1686406213729108
196,0.15157237217003236,0.18577650193841197,0.6394232721537478,0.1857765047262579,0.32067452102410987,0.1686406213729108
197,0.15139763236638917,0.1917657223259461,0.6277986874378495,0.19176572851868942,0.31889801906580006,0.1686406213729108
198,0.15102083076094316,0.17339617271537042,0.6634524702186548,0.1733961704364176,0.30811405395075747,0.1686406213729108
199,0.15314945840519262,0.18585631566680136,0.6392683629983951,0.18585631709130826,0.3131525299765847,0.1686406213729108
200,0.15391456784300545,0.17503079927447301,0.6602797969999388,0.17503079656642948,0.3071883623717261,0.1686406213729108
201,0.1476506180628813,0.20894072912133752,0.5944634427068478,0.2089407283788039,0.3483010880460327,0.1686406213729108
202,0.14895623177042847,0.18912306201440213,0.6329278880200553,0.1891230594759763,0.3235996270499535,0.1686406213729108
203,0.1478604196315974,0.18530196013642494,0.6403443313098275,0.1853019562114809,0.32921276007252903,0.1686406213729108
204,0.14813483063854388,0.19626039151107857,0.6190749211476323,0.19626039133047338,0.3386803270274587,0.1686406213729108
205,0.1479122050563692,0.18897291800304247,0.6332192943721375,0.18897292096352092,0.31846094771042666,0.1686406213729108
206,0.14485227322301658,0.19412020315178816,0.6232288480541435,0.19412020323184198,0.322363925939523,0.1686406213729108
207,0.152066489930572,0.18800983521337836,0.6350885615952653,0.18800983625978454,0.3260981976186465,0.1686406213729108
208,0.1528947881205165,0.18142773994923347,0.6478638650808217,0.18142773862264636,0.3191812823675073,0.1686406213729108
209,0.14594046116666018,0.1873939246960795,0.6362839986377923,0.1873939226463146,0.3347007926281447,0.1686406213729108
210,0.14524878702353483,0.18189369441855327,0.6469594881281577,0.18189369212503806,0.3145841251720082,0.1686406213729108
211,0.14823571415880624,0.19350706269595377,0.6244188985059445,0.193507064900081,0.3342424327321628,0.1686406213729108
212,0.1501999500181347,0.1857179817250873,0.6395368610206505,0.18571798141890236,0.31466871864216517,0.1686406213729108
213,0.14979018054000576,0.17873433485471724,0.6530915376370788,0.17873433480494644,0.3145006609034076,0.1686406213729108
214,0.15194565403718457,0.17608105692174147,0.6582413290542672,0.17608105694292517,0.31725071439444574,0.1686406213729108
215,0.1517602332986607,0.1809252605352956,0.6488391329997156,0.1809252606445861,0.32514153720724953,0.1686406213729108
216,0.14857445670597588,0.17454345748605743,0.6612256836909587,0.17454345639787683,0.30551539163831093,0.1686406213729108
217,0.14930095034056834,0.1989407368814892,0.6138725907978384,0.19894073832510295,0.33214713848472177,0.1686406213729108
218,0.147608028675984,0.19613000852695697,0.6193279921100701,0.19613000399480088,0.34179515454879283,0.1686406213729108
219,0.14884616605084927,0.17746222250152452,0.6555606005617713,0.17746222308870127,0.3047194921490688,0.1686406213729108
220,0.14781103331848955,0.17751395613532486,0.6554601882879596,0.17751395754580782,0.30849889209480114,0.1686406213729108
221,0.14982890837623508,0.18627074223161633,0.6384639939376402,0.18627074448242018,0.31499095680816697,0.1686406213729108
222,0.14545031323361754,0.178310257489564,0.6539146374197167,0.17831025696283848,0.32459476772257184,0.1686406213729108
223,0.14805603565070563,0.17878292498752008,0.6529972309906369,0.1787829235179593,0.31494758381395865,0.1686406213729108
224,0.1457235645298934,0.18611383509174012,0.638768541176566,0.1861138355163047,0.3171973008157244,0.1686406213729108
225,0.1514136015083857,0.19334839673049403,0.6247268608616288,0.19334839639596535,0.3309529158113255,0.1686406213729108
226,0.14826076287732987,0.19023546554292545,0.6307688031251033,0.19023546417160736,0.31589443530837397,0.1686406213729108
227,0.14911899869121722,0.1917660708931981,0.6277980235916316,0.19176607054583789,0.31386930505493893,0.1686406213729108
228,0.1479632084444783,0.198149321153871,0.615408670690543,0.19814931854837065,0.3316349748705254,0.1686406213729108
229,0.14842359966306545,0.19852456819105077,0.6146803418631963,0.19852456845605054,0.3286303336858394,0.1686406213729108
230,0.14351800733537817,0.18003246290317768,0.6505719788620821,0.18003246301601297,0.3136875171064442,0.1686406213729108
231,0.14887556725275852,0.18629353696649725,0.6384197531591256,0.18629353823632636,0.31481327065412407,0.1686406213729108
232,0.14984823109498666,0.17801546446434965,0.6544868042872433,0.17801546489069292,0.31757186244390406,0.1686406213729108
233,0.148906887210226,0.17823693436055532,0.6540569555216995,0.17823693176599736,0.32283781253456534,0.1686406213729108
234,0.14972948168047626,0.18465012196456979,0.641609491625926,0.18465011974148177,0.31983985630837,0.1686406213729108
235,0.14566640800504543,0.18340082779726577,0.6440342637742017,0.1834008275390845,0.3107755663853289,0.1686406213729108
236,0.14617507647519087,0.19628779969876284,0.6190217238880225,0.19628779964661838,0.32276804010132565,0.1686406213729108
237,0.14839881976840905,0.18256944053752233,0.6456479186583535,0.18256943954018956,0.3152801922998556,0.1686406213729108
238,0.14293065011797854,0.19146170346107994,0.6283887721207706,0.19146170482159625,0.33147827736844604,0.1686406213729108
239,0.14575169709191393,0.18176529446586234,0.6472086963223616,0.18176529496656119,0.31125484742279735,0.1686406213729108
240,0.14417797593928094,0.18436268118561291,0.642167382102939,0.18436268315771054,0.32072681677146037,0.1686406213729108
241,0.14560287532521718,0.16982697658851498,0.6703799737524714,0.16982697893401982,0.30481686855037593,0.1686406213729108
242,0.14295382938574797,0.1648395875171826,0.680060089578331,0.16483958528214684,0.30314160530329104,0.1648395875171826
243,0.14311055971022268,0.18395186465472294,0.6429647519304462,0.18395186191471666,0.32357687104476723,0.1648395875171826
244,0.14293721993368855,0.17978491690759332,0.6510524495662433,0.1797849146826094,0.31275406395447414,0.1648395875171826
245,0.14224429158231314,0.19470151383901674,0.6221005706494196,0.19470151482636236,0.326848519718949,0.1648395875171826
246,0.14382654341496837,0.18202204391604565,0.6467103651671784,0.1820220453696144,0.31648642757432827,0.1648395875171826
247,0.14236037737101465,0.1756959412741057,0.658988806302996,0.17569594137692435,0.30814149020858744,0.1648395875171826
248,0.14392599535621023,0.18462722400972278,0.6416539288581244,0.1846272247706198,0.3144667102398709,0.1648395875171826
249,0.14209212495715265,0.21120275044050374,0.5900730412144852,0.2112027530204603,0.3370933063694688,0.1648395875171826
250,0.1446967544840343,0.18551976599032408,0.639921578020185,0.18551976735248382,0.3250800621669445,0.1648395875171826
251,0.14468890122117886,0.18451329386180987,0.6418750530532968,0.18451329706281983,0.3170489198937679,0.1648395875171826
252,0.1450161341015577,0.17392407053451425,0.6624278587433458,0.17392407122392073,0.31195968451691813,0.1648395875171826
253,0.14019102540182238,0.1784011909041426,0.6537381417844133,0.17840119112384759,0.31036788767034357,0.1648395875171826
254,0.14811821246819315,0.1923262134927218,0.6267108335424567,0.19232621309445802,0.3261001547118413,0.1648395875171826
255,0.14368794502112797,0.1849988842863262,0.6409325691234968,0.18499888405919854,0.31232044060788106,0.1648395875171826
256,0.1407035929646658,0.1816037532647214,0.6475222351006149,0.18160375337548862,0.31611098617803857,0.1648395875171826
257,0.1443592358979815,0.20043534919863842,0.610971675860153,0.2004353490307089,0.3232630709777468,0.1648395875171826
258,0.14671965925452327,0.20002742957784592,0.6117634073623347,0.20002743276823814,0.3255784849118547,0.1648395875171826
259,0.14337295353116086,0.20214269520095848,0.6076578592057084,0.20214269514548336,0.33824272980100173,0.1648395875171826
260,0.1421365935411026,0.17359054284017594,0.663075217623143,0.1735905386892211,0.30723583147529343,0.1648395875171826
261,0.14454106390970461,0.19518651301388237,0.6211592336534197,0.19518651089899,0.3301348338006328,0.1648395875171826
262,0.14330815984241999,0.18018339394457117,0.6502790281062713,0.18018339723685559,0.31999109398945613,0.1648395875171826
263,0.14460456092559282,0.1827918401240592,0.6452162592198953,0.1827918393112115,0.318888725360353,0.1648395875171826
264,0.14105768249204897,0.17667063018071136,0.6570970172271773,0.17667062979978557,0.3071504399602353,0.1648395875171826
265,0.14353709547080803,0.18559820712412167,0.6397693331976493,0.18559820699877574,0.3255316091898479,0.1648395875171826
266,0.14116763679146965,0.17639315394815142,0.6576355701447971,0.17639315632210675,0.3099963462477114,0.1648395875171826
267,0.14000802629227266,0.19690083107187922,0.6178318856105433,0.1969008286618294,0.34974482517839367,0.1648395875171826
268,0.13908429390953153,0.19344268434982187,0.6245438568634034,0.1934426837986613,0.32891036714420235,0.1648395875171826
269,0.13904410181551627,0.19059539516352328,0.6300702094318684,0.19059539393004787,0.32215453970805363,0.1648395875171826
270,0.14146130258961895,0.18155223388785577,0.6476222348670917,0.1815522314505977,0.31947217079992624,0.1648395875171826
271,0.14229236437906673,0.22391740895596773,0.5653949648926208,0.22391740265918755,0.34846985500011646,0.1648395875171826
272,0.14109717127102525,0.1919079683221399,0.6275226123560761,0.19190796804712554,0.3206348205998473,0.1648395875171826
273,0.1406210524723502,0.17689931019585464,0.6566531690453377,0.1768993094606827,0.3079106221433546,0.1648395875171826
274,0.14137025217511762,0.1802448565487357,0.6501597340705723,0.18024485996385747,0.31351007541139153,0.1648395875171826
275,0.1434030241831816,0.18679371640508113,0.6374489402688688,0.18679372089251817,0.3189232516395353,0.1648395875171826
276,0.13966582173336403,0.19164780888223434,0.6280275663333017,0.19164780543070567,0.32834375171121294,0.1648395875171826
277,0.14057100788870855,0.17231285874072558,0.6655550881892619,0.17231285865507448,0.30805255190626163,0.1648395875171826
278,0.14056683395237077,0.19349605742225703,0.6244402546015769,0.19349606180283488,0.32833543655236325,0.1648395875171826
279,0.14118179744155845,0.18565197957432572,0.6396649674323743,0.18565197837554123,0.3293277922401485,0.1648395875171826
280,0.1423425022444717,0.20120602997155906,0.6094758431744087,0.2012060326232766,0.327806352680735,0.1648395875171826
281,0.13906982673539056,0.1807682205063753,0.6491439343311435,0.18076822076481683,0.3085672148293781,0.1648395875171826
282,0.13992318444781834,0.17895662660215012,0.6526600897801895,0.17895662556481684,0.31687487859484337,0.1648395875171826
283,0.13829892939002952,0.17666015006746158,0.6571173525928493,0.176660152603491,0.3095709257793853,0.1648395875171826
284,0.14367799213276575,0.1746320461551763,0.6610537360165689,0.17463204735640803,0.31100169521508025,0.1648395875171826
285,0.13799828239538975,0.18855972190549938,0.6340212734441635,0.18855972494348244,0.31205361859453773,0.1648395875171826
286,0.1368854243956988,0.1829210422078117,0.6449654824538353,0.18292104462998923,0.32218015247236953,0.1648395875171826
287,0.1391592199134194,0.17720459683641412,0.6560606324437978,0.17720459643639505,0.313261516758653,0.1648395875171826
288,0.14035525956557166,0.20951865788898952,0.5933417305150133,0.20951865744137138,0.3534727970640634,0.1648395875171826
289,0.13927412695354885,0.1734824656729549,0.6632849732367523,0.17348246830715347,0.31366091087216236,0.1648395875171826
290,0.13995848801203234,0.18147291511785787,0.6477761794534487,0.1814729160512214,0.31551399103042443,0.1648395875171826
291,0.13984149399879164,0.1926071270745131,0.6261656033027408,0.1926071268650457,0.3185514948940135,0.1648395875171826
292,0.14343414053592712,0.1869426398980813,0.6371599009551709,0.18694263985838713,0.3132642306798261,0.1648395875171826
293,0.13705072448423647,0.18910570364950666,0.6329615797949999,0.1891057007844584,0.33131714194080336,0.1648395875171826
294,0.1473537487967888,0.18547354654121684,0.6400112878728135,0.18547354700165766,0.3240372107743151,0.1648395875171826
295,0.1433861776568601,0.19493953161907623,0.621638601284174,0.19493953089156585,0.32750443801083967,0.1648395875171826
296,0.1480161298962177,0.17663301511954976,0.657170025222902,0.1766330145872236,0.307290337302468,0.1648395875171826
297,0.14161684882779224,0.18243219884426157,0.6459142941443288,0.18243219744188546,0.3112126000769625,0.1648395875171826
298,0.14214207179115385,0.17826041379379978,0.6540113755313586,0.17826041550922606,0.31337339085722465,0.1648395875171826
299,0.13763846330974824,0.21454164132631304,0.5835925366923909,0.2145416414899645,0.35564841883015524,0.1648395875171826
300,0.14341822698539367,0.1820859010102319,0.6465864277527105,0.18208590046032477,0.3122270636693554,0.1648395875171826
301,0.14405974728946463,0.18880008336506374,0.6335547598718927,0.18880008227708375,0.3264598903286475,0.1648395875171826
302,0.139950187684687,0.18078910931389663,0.6491033875953064,0.1807891112723847,0.3111881115397469,0.1648395875171826
303,0.13918051261016187,0.1781700414268164,0.654186783468429,0.17817004175259238,0.30787187539340843,0.1648395875171826
304,0.1367094461993001,0.19275884336934893,0.6258711269136246,0.19275884712336963,0.32773988328640935,0.1648395875171826
305,0.13894980135644056,0.19868388367836237,0.614371128843412,0.1986838813278892,0.324083011303147,0.1648395875171826
306,0.13940964609038572,0.18505557070190612,0.6408225441874472,0.18505557115648877,0.3156259980180402,0.1648395875171826
307,0.14306163281745973,0.1844749294343542,0.6419495226028316,0.18447492882784322,0.31607924061986975,0.1648395875171826
308,0.14059816343867362,0.19722756614628206,0.6171977123316841,0.1972275677052529,0.3324945367395256,0.1648395875171826
309,0.1422598775148787,0.18497311269473035,0.6409825874784458,0.18497311357975002,0.3267697335710824,0.1648395875171826
310,0.14037605783041832,0.1822198588517668,0.6463264258811009,0.18221985874215404,0.31478547765672116,0.1648395875171826
311,0.13951506729347393,0.1734077379707075,0.6634300219109164,0.17340773626367878,0.3074864204167964,0.1648395875171826
312,0.14552249922285823,0.18981518475380454,0.6315845289697626,0.18981518553315815,0.3149190354098506,0.1648395875171826
313,0.1375373648569161,0.19185196198578564,0.6276313171189674,0.19185196113004668,0.3157219126398624,0.1648395875171826
314,0.14140851624174103,0.19907235637329374,0.6136171275167718,0.19907235823226094,0.3342248572677862,0.1648395875171826
315,0.1375881855760641,0.19268782057101255,0.6260089796890858,0.19268782255407763,0.31721312953533964,0.1648395875171826
316,0.13946875051084048,0.18906424901879845,0.6330420325765621,0.18906424986597176,0.32992841518760263,0.1648395875171826
317,0.13606243780003258,0.18017970147680062,0.6502862018946618,0.180179701154358,0.3193285319559976,0.1648395875171826
318,0.13948379840028424,0.18907146873133016,0.6330280153243284,0.18907147184100437,0.319296784265919,0.1648395875171826
319,0.13573858652937273,0.18973820362290042,0.6317339504304771,0.18973820054062018,0.32278822715520505,0.1648395875171826
320,0.1364797563497502,0.1799446132961222,0.6507424856473611,0.17994461443302073,0.31011904547360186,0.1648395875171826
321,0.1360974230873051,0.1861771847913944,0.6386455882671531,0.18617718336987552,0.3214917438751539,0.1648395875171826
322,0.13510017490900966,0.1824763869386494,0.6458285224903649,0.18247638875221536,0.31252323852743724,0.1648395875171826
323,0.13882942860003925,0.20690923618310966,0.5984064003311903,0.20690923596910393,0.3457064038772697,0.1648395875171826
324,0.1399960495346221,0.18986522671718,0.6314874014641909,0.18986522761048713,0.3183442277808836,0.1648395875171826
325,0.1407839303190633,0.19292763874889662,0.625543515781284,0.19292763907907676,0.3299217828162203,0.1648395875171826
326,0.1391904818675609,0.21555821124558655,0.5816194538612133,0.21555821411821202,0.35567209724164756,0.1648395875171826
327,0.13495305784503817,0.18627293738807188,0.6384597347581934,0.18627293889878022,0.3237632539695137,0.1648395875171826
328,0.13511582994540136,0.2065918903947765,0.5990223381045703,0.20659189223105712,0.3444608426840224,0.1648395875171826
329,0.13966481501783304,0.19274412644069347,0.625899699547875,0.19274412591783432,0.3287270726461169,0.1648395875171826
330,0.13975239236951864,0.18086561360764256,0.6489549042778016,0.18086561291435413,0.3205984445335968,0.1648395875171826
331,0.13750369372850232,0.19458892945916392,0.6223190882331819,0.19458893009807143,0.33682102382449564,0.1648395875171826
332,0.13608562851426614,0.2159886424125751,0.5807840258604814,0.21598864371041962,0.3410362245073617,0.1648395875171826
333,0.13656695859744578,0.1869698036267754,0.6371071784195584,0.18696980358701956,0.3199351171445207,0.1648395875171826
334,0.1377607479815064,0.19727886415984697,0.6170981495987025,0.1972788644615488,0.3250196651623608,0.1648395875171826
335,0.13746294726186725,0.20433325916750775,0.6034061517573484,0.20433326177908961,0.33873016752535823,0.1648395875171826
336,0.13712827425888718,0.19259985370891816,0.6261797193595805,0.19259985398385934,0.32758666150793764,0.1648395875171826
337,0.13623038573842342,0.1784606790045157,0.6536226850154825,0.17846067681253044,0.3093276059396576,0.1648395875171826
338,0.13266001532524577,0.1790313873489994,0.6525149826451333,0.1790313877285389,0.30702176854436336,0.1648395875171826
339,0.13575061737601438,0.18103097092732232,0.6486339568231998,0.18103097160700424,0.327536537466035,0.1648395875171826
340,0.14015446681881424,0.18327453523741039,0.6442793863374585,0.18327453538123117,0.3104975269732639,0.1648395875171826
341,0.13664826053885085,0.1807324008685821,0.6492134547953747,0.18073240239980762,0.30873796730212055,0.1648395875171826
342,0.13820904710794957,0.18246332579327057,0.6458538782412571,0.18246332495077824,0.30706592394946763,0.1648395875171826
343,0.13633091257974678,0.18395295939040432,0.6429626260517296,0.18395295721091007,0.32122606598673564,0.1648395875171826
344,0.13562153688513026,0.2039084963933544,0.6042305911532839,0.20390849374081274,0.34206066117379064,0.1648395875171826
345,0.13807559387007756,0.19484903773323434,0.6218142379599945,0.19484903928404987,0.3183502738770714,0.1648395875171826
346,0.13503533647230412,0.202046797989733,0.6078439796970874,0.20204680206177594,0.3408885506688216,0.1648395875171826
347,0.13276820378517037,0.1976939448656517,0.6162925174610216,0.19769394261572548,0.33449674612008334,0.1648395875171826
348,0.1364176070314537,0.20060614857339645,0.6106401706299208,0.20060614730529214,0.32283257301091794,0.1648395875171826
349,0.13534889834041816,0.1862980541280414,0.6384109844870935,0.18629805603549474,0.32469953190196643,0.1648395875171826
350,0.13832523872207844,0.1830544162613802,0.6447066180817733,0.18305441684878737,0.3138466257985054,0.1648395875171826
351,0.13563426727086159,0.18486724489669687,0.6411880719191694,0.1848672437933074,0.31576923712888166,0.1648395875171826
352,0.13396576585658945,0.18916688661816933,0.6328428190061455,0.18916688877177995,0.3222427105228521,0.1648395875171826
353,0.13826632976136596,0.2011628733661953,0.6095596122432844,0.2011628730857412,0.33046014973374666,0.1648395875171826
354,0.1391326950161809,0.18393175719214266,0.6430037721989823,0.18393175787432164,0.3137397687943255,0.1648395875171826
355,0.13846831790250333,0.1832277895619013,0.6443701066806764,0.18322779440498668,0.3150272689171235,0.1648395875171826
356,0.13314631453794035,0.18393205672546933,0.6430031885762997,0.18393205856866404,0.3174717401427768,0.1648395875171826
357,0.13805723204146175,0.18324643560031487,0.6443339264085899,0.18324643522112707,0.3162651879243808,0.1648395875171826
358,0.14330262746383896,0.19369510566779646,0.6240539224281773,0.19369510803986234,0.3243306269411181,0.1648395875171826
359,0.13569765279739848,0.2019607608613243,0.6080109770763613,0.20196076159653217,0.34062973966186344,0.1648395875171826
360,0.14249286414378912,0.20198220183348337,0.6079693593974478,0.20198220387587604,0.3477701657575218,0.1648395875171826
361,0.13943988826144393,0.2137863177656239,0.5850585578311192,0.2137863174161272,0.33157249285815904,0.1648395875171826
362,0.13665936809669482,0.18177132705995472,0.6471969867371778,0.18177132798433307,0.3205299683015144,0.1648395875171826
363,0.1343739399071752,0.19026740972402376,0.6307067989567028,0.1902674099872808,0.3185786582673893,0.1648395875171826
364,0.1334702985401375,0.1804781986952894,0.6497068396132799,0.1804782004508829,0.3113610676965841,0.1648395875171826
365,0.13432673314712928,0.2093731632175815,0.5936241126464896,0.2093731683919361,0.33411707217220754,0.1648395875171826
366,0.1375249131995054,0.18847097831760184,0.6341935244863024,0.18847097768368234,0.3141062995182953,0.1648395875171826
367,0.13498649253180964,0.190989805582561,0.6293046942524361,0.19098980300686016,0.3212983000651557,0.1648395875171826
368,0.13314814534946462,0.19438585332537905,0.6227132357280207,0.19438585724759902,0.32136418602683325,0.1648395875171826
369,0.1365300659911945,0.1942804307411751,0.6229178664698773,0.19428042730427256,0.32914784199789987,0.1648395875171826
370,0.13518447182071744,0.21303644691956203,0.5865139863404774,0.21303645088158255,0.33023893353480693,0.1648395875171826
371,0.13813580584960988,0.21246536371427216,0.5876224108727512,0.2124653678929808,0.3428623637215036,0.1648395875171826
372,0.13475829411304213,0.18588108490547373,0.6392202798432551,0.18588109051623636,0.32345549715613464,0.1648395875171826
373,0.1348801792359866,0.18566744373736546,0.6396349465738684,0.18566744573583205,0.31154305071482535,0.1648395875171826
374,0.13440358535962713,0.21546774862775503,0.5817950388066413,0.21546774916325223,0.3422972939231179,0.1648395875171826
375,0.13414550013407744,0.18267842163449782,0.6454363925230466,0.18267842213124663,0.32025943108002936,0.1648395875171826
376,0.13349985230226027,0.18805480856120854,0.63500127552877,0.18805480782642356,0.3236810638723359,0.1648395875171826
377,0.13472959852930325,0.18507856263844338,0.6407779245460106,0.18507856010832094,0.32725648482048386,0.1648395875171826
378,0.13580440680185954,0.1919853591350436,0.6273724011980006,0.19198535990789486,0.3201470815655727,0.1648395875171826
379,0.13297913114032145,0.18925673915448024,0.6326684309599844,0.18925673705975843,0.3162954439882372,0.1648395875171826
380,0.13948811595119648,0.2000378002530594,0.6117432795328965,0.20003780303762042,0.33138927795137274,0.1648395875171826
381,0.13570718180085495,0.18627066512754528,0.6384641469095151,0.1862706656681816,0.3259384010303571,0.1648395875171826
382,0.13232706617162399,0.20385914268152547,0.6043263769431015,0.20385914294288118,0.32640466675850743,0.1648395875171826
383,0.13380645050931333,0.1844104039864462,0.6420747600993351,0.18441040390827879,0.32456845213865915,0.1648395875171826
384,0.13255798395593368,0.18892809850803607,0.6333062879828882,0.1889281000760629,0.31558975057701416,0.1648395875171826
385,0.13160454196914115,0.19527395116234678,0.6209895190775987,0.19527395131946707,0.32147980446964725,0.1648395875171826
386,0.13032394580382414,0.18264346080103502,0.6455042472128958,0.18264346200726764,0.31503254965769373,0.1648395875171826
387,0.1322472901882026,0.19108360357327184,0.6291226362433915,0.1910836030165828,0.3204468238193836,0.1648395875171826
388,0.14242448186993006,0.19409494073131578,0.6232778806633883,0.19409494062874078,0.3180404142899947,0.1648395875171826
389,0.13125551579208122,0.1890166136262669,0.6331344930465991,0.18901661234080086,0.3204087550167533,0.1648395875171826
390,0.13096366199490245,0.19748432590069606,0.6166993652535067,0.1974843263121584,0.3211178658793829,0.1648395875171826
391,0.13372847007874825,0.1939132472974888,0.6236305317850941,0.19391324755839315,0.3302281858668775,0.1648395875171826
392,0.13330574790834393,0.19423025446748235,0.6230152467697848,0.19423025498213167,0.31839675164258247,0.1648395875171826
393,0.12946312903962523,0.1944422636586401,0.6226037497948779,0.19444226663956796,0.3167716465479571,0.1648395875171826
394,0.13497451043642972,0.19697981655331198,0.6176785815216744,0.19697981406380033,0.32407675414788917,0.1648395875171826
395,0.13419717214198454,0.20680422825536146,0.5986102135118936,0.20680422725000452,0.3427741865109758,0.1648395875171826
396,0.1305860696938105,0.19258499181039643,0.6262085665608579,0.19258499131577633,0.32946133222736296,0.1648395875171826
397,0.1312750073016975,0.1856804782338718,0.6396096510057534,0.18568047852987166,0.32008427194973393,0.1648395875171826
398,0.12914203284787104,0.2003319302543265,0.611172406037521,0.2003319287379816,0.32418997561345336,0.1648395875171826
399,0.13386178933961276,0.19255579139720844,0.6262652404984015,0.1925557917440546,0.33000082052944313,0.1648395875171826
400,0.13447135781767355,0.18354950523234337,0.6437456947796084,0.18354950418693175,0.31116738369141533,0.1648395875171826
401,0.12906835191878513,0.18828862612364722,0.6345474491917629,0.18828862843693683,0.31955946824234394,0.1648395875171826
402,0.13896528858055127,0.19780915433710272,0.6160689047343019,0.1978091524658743,0.33208698096467204,0.1648395875171826
403,0.13466820113892183,0.1890094194966528,0.6331484554712445,0.1890094186140631,0.3197103896901433,0.1648395875171826
404,0.1318267895906521,0.19964471659255276,0.6125062232905336,0.19964471880990797,0.33166057697529233,0.1648395875171826
405,0.13253517162740527,0.18693947472266753,0.6371660478034177,0.18693947287645463,0.3158262859691273,0.1648395875171826
406,0.13209589958981693,0.1862928643489559,0.6384210513768178,0.18629286936802003,0.31380629930339876,0.1648395875171826
407,0.13051310989196424,0.2183192703656397,0.5762604706348473,0.2183192718787268,0.34937265981682725,0.1648395875171826
408,0.13048232896608697,0.18210314105413355,0.6465529610813192,0.18210314317388818,0.3145344594907121,0.1648395875171826
409,0.12895646864304297,0.19382713803946527,0.6237976577498514,0.1938271408432785,0.3273356227334672,0.1648395875171826
410,0.13015444729458633,0.19134648759389955,0.6286123985721496,0.19134648790022238,0.3345936705565133,0.1648395875171826
411,0.13167143008404505,0.1877583224442961,0.6355767244283332,0.1877583247842484,0.31157636571392394,0.1648395875171826
412,0.13020208506639522,0.18515971591682265,0.6406204079355882,0.18515971588755106,0.3207071030015562,0.1648395875171826
413,0.1291259909941387,0.18701411430597661,0.637021170757937,0.18701411649332153,0.3247625021216766,0.1648395875171826
414,0.13291420400834597,0.19709653825944654,0.6174520320831267,0.19709653696794474,0.32474140545295,0.1648395875171826
415,0.13122243248605808,0.17934548019829877,0.6519053572708544,0.1793454791894672,0.30582618571251585,0.1648395875171826
416,0.1311414348743053,0.18571219465594,0.639548092335067,0.18571219481601142,0.31843332739771746,0.1648395875171826
417,0.13073582000795683,0.18650763116543764,0.6380042200423912,0.18650762939657958,0.3109523727712617,0.1648395875171826
418,0.12808299989842656,0.1809937655481603,0.6487061663118938,0.18099376780159573,0.3147211664657479,0.1648395875171826
419,0.13350419887460485,0.19431511478168242,0.6228505431571564,0.19431511365188736,0.3198821811135942,0.1648395875171826
420,0.12892082601439697,0.20861697836533388,0.5950918133561296,0.20861697896881445,0.33026464934142974,0.1648395875171826
421,0.13146032948992145,0.18967967132875355,0.6318475534260445,0.18967966995388763,0.32432119395089753,0.1648395875171826
422,0.13098956233826442,0.20482025025676154,0.6024609484477037,0.20482024985558117,0.3373313376516237,0.1648395875171826
423,0.13298944841767624,0.22021601949825373,0.5725790425483269,0.22021601892172082,0.34695465554068233,0.1648395875171826
424,0.13315135400686692,0.19612385725655251,0.6193399239089477,0.19612385648798916,0.32644211659665967,0.1648395875171826
425,0.13285465570626961,0.19136116295031394,0.628583916738036,0.19136116232367004,0.327230361108453,0.1648395875171826
426,0.1354150537630021,0.18476126162021597,0.6413937718735019,0.1847612629698458,0.3187489545114349,0.1648395875171826
427,0.13252001134910393,0.19415758050500725,0.6231562984733936,0.1941575822596333,0.32742411333473537,0.1648395875171826
428,0.13089125838445786,0.18621221882042693,0.6385775867741428,0.18621221912984556,0.32255920319194764,0.1648395875171826
429,0.12866923591588464,0.19814734132030504,0.615412499473774,0.19814734588094352,0.32830724488782814,0.1648395875171826
430,0.13143936628923686,0.19138134502973714,0.6285447405689398,0.1913813466872221,0.31937877183166596,0.1648395875171826
431,0.12783141654126878,0.18745499289693135,0.6361654652327673,0.18745499348083677,0.3204204833631899,0.1648395875171826
432,0.1289067207679622,0.18544273156167498,0.6400710999854715,0.1854427305779348,0.3147352043811326,0.1648395875171826
433,0.12863350167598692,0.19308513500651375,0.6252378339321353,0.1930851326195842,0.3148853057542963,0.1648395875171826
434,0.12716528226684773,0.1941771247880825,0.6231183697416214,0.1941771239179634,0.32926010623596463,0.1648395875171826
435,0.12384696712541343,0.2006190857126887,0.6106150635724419,0.20061908297479653,0.3334612128631546,0.1648395875171826
436,0.12900750573792466,0.19596207763683246,0.61965392026161,0.19596207914522265,0.3256735410846648,0.1648395875171826
437,0.1278513905025438,0.22845972063999773,0.5565787076469327,0.22845971870286144,0.3453349868160424,0.1648395875171826
438,0.12668322771540527,0.18928567947467287,0.6326122603302624,0.18928567731699664,0.32456663859405743,0.1648395875171826
439,0.12193777351632443,0.18886941626956671,0.6334201898770848,0.18886941549064348,0.3217755159926663,0.1648395875171826
440,0.12788164162912574,0.18487427309266502,0.641174431208472,0.18487427176643942,0.3242634120889996,0.1648395875171826
441,0.12792649563667588,0.18497202044627706,0.6409846999277591,0.18497202520265987,0.3240212484550192,0.1648395875171826
442,0.12716823029478588,0.1924491237776823,0.6264722779491007,0.1924491218151103,0.328592896639146,0.1648395875171826
443,0.12901813760523376,0.19674084367766287,0.6181424060817846,0.19674084216425997,0.32592748209900724,0.1648395875171826
444,0.1310627132308226,0.20471020640275162,0.6026745335618491,0.2047102064365161,0.32390847611178586,0.1648395875171826
445,0.12481811094046825,0.18363247969466776,0.6435846478703495,0.18363247884832432,0.31721949470736055,0.1648395875171826
446,0.1324895760510889,0.2036536351046157,0.6047252473028822,0.20365363677579834,0.3301423146721148,0.1648395875171826
447,0.13083289986226096,0.18588567988172552,0.639211366000275,0.18588568311044626,0.3179531715665951,0.1648395875171826
448,0.1272089493610768,0.19519037816634655,0.6211517252546221,0.1951903793796128,0.3226300756906433,0.1648395875171826
449,0.12368726077957533,0.1934970771857772,0.6244382858259341,0.19349707615631154,0.31313648238089686,0.1648395875171826
450,0.1280343821788111,0.17480205636799068,0.6607237662548461,0.17480205452621173,0.3112918794066291,0.1648395875171826
451,0.12637846546979686,0.18095575643900433,0.6487799427045924,0.18095575669519753,0.31672159001653133,0.1648395875171826
452,0.1268445403520543,0.2003774710454813,0.611084011890723,0.20037747121025504,0.3293483808037066,0.1648395875171826
453,0.1278095610896944,0.19786028570638506,0.6159696525624156,0.19786028921474225,0.3288394136329344,0.1648395875171826
454,0.13115883678148438,0.18514961137501565,0.6406400225013358,0.18514961006211939,0.3174504594191709,0.1648395875171826
455,0.12784500270340574,0.18300451500405143,0.6448034737002303,0.18300451485326066,0.3155576369090869,0.1648395875171826
456,0.12657397307369048,0.19322537416495084,0.6249656351029318,0.19322537502341894,0.32510418899013105,0.1648395875171826
457,0.12720989550326398,0.18079222865324973,0.649097337254569,0.18079222853167462,0.31829668477110995,0.1648395875171826
458,0.13008916702238876,0.20373048796561366,0.6045760905919111,0.20373048536385394,0.3372094961641087,0.1648395875171826
459,0.13036049529292296,0.182498730774608,0.645785155024472,0.1824987325575978,0.32215326056217475,0.1648395875171826
460,0.1262656691556744,0.18876223237255113,0.6336282293381392,0.18876222930547104,0.3238750001534975,0.1648395875171826
461,0.12660202448245503,0.17912711294148612,0.6523291873293261,0.17912711327514122,0.3141895527278258,0.1648395875171826
462,0.12954267702292446,0.18969538243801157,0.6318170547323577,0.18969538350463638,0.31916526603982986,0.1648395875171826
463,0.12600120553132116,0.18657898618638427,0.6378657229336446,0.1865789859395581,0.31572257921699265,0.1648395875171826
464,0.12621616753772716,0.18617434366626995,0.6386510972901899,0.18617434500853605,0.31811135216725744,0.1648395875171826
465,0.12762608800954486,0.1975449861961399,0.6165816341351518,0.1975449837921797,0.32307814343675595,0.1648395875171826
466,0.12932132800815513,0.21704152444080518,0.578740476850913,0.2170415219549532,0.3381090356056452,0.1648395875171826
467,0.128770456780644,0.2038747479059302,0.6042960911163033,0.20387474682025544,0.3258733173774003,0.1648395875171826
468,0.12896028889550104,0.21511484578185217,0.5824799920131684,0.2151148472625397,0.33946256808126024,0.1648395875171826
469,0.12688895050763688,0.21954208763452293,0.5738870931967734,0.2195420844752999,0.36226147155648014,0.1648395875171826
470,0.12563821029900318,0.1941028469188025,0.6232625453248444,0.19410284170879802,0.3127555420786009,0.1648395875171826
471,0.12355499354563344,0.18372488235041565,0.643405294559162,0.18372488534239434,0.3189601869767895,0.1648395875171826
472,0.13261753585603503,0.22491987273874298,0.5634492577076039,0.2249198707946445,0.3472299632656592,0.1648395875171826
473,0.12720174967353023,0.19271278452411317,0.6259605286195087,0.19271278553604834,0.32316041809968904,0.1648395875171826
474,0.127737528293287,0.17761185911835217,0.6552701743846195,0.17761185659498588,0.30881618138752465,0.1648395875171826
475,0.1289481458576955,0.18628514754612294,0.6384360403140361,0.18628514676101043,0.3113198820418288,0.1648395875171826
476,0.1250862635882142,0.18357808223957453,0.6436902240317709,0.18357808385070917,0.3083479734895482,0.1648395875171826
477,0.1346611118830654,0.2138580433835571,0.5849193378042473,0.21385804642130907,0.339365830542256,0.1648395875171826
478,0.12796808437723822,0.19692755456119998,0.6177800099069284,0.19692755608529725,0.32474744302149855,0.1648395875171826
479,0.1285262369397861,0.20202100650031235,0.607894044129071,0.2020210078424968,0.31856877118038174,0.1648395875171826
480,0.12870424661667984,0.19717221288496264,0.6173051607905937,0.19717220806167945,0.33022576757052974,0.1648395875171826
481,0.12961843347865748,0.19015091506628273,0.6309329108818831,0.19015091249897131,0.3225081602969219,0.1648395875171826
482,0.13376658969059907,0.19233921494462627,0.6266855973826441,0.19233921528012513,0.3304380688333298,0.1648395875171826
483,0.1290965712287928,0.17786934691996226,0.654770403896594,0.1778693485717568,0.3052539590929375,0.1648395875171826
484,0.1252433854845626,0.1908444363385128,0.6295868364699877,0.19084443756598568,0.32897565332858997,0.1648395875171826
485,0.13412926363114694,0.1844860846523734,0.6419278665459507,0.18448608647125944,0.3231464313501395,0.1648395875171826
486,0.13094172906717455,0.18637653718939837,0.6382586570667034,0.18637653823789055,0.3131114459428631,0.1648395875171826
487,0.1282056034698613,0.202337537188466,0.6072796754018392,0.20233754317587768,0.3281440777501477,0.1648395875171826
488,0.13210337899415253,0.19085373892691737,0.6295687759657888,0.19085374270712366,0.3255637164620458,0.1648395875171826
489,0.13036707706910064,0.21199423225732567,0.5885368455574582,0.21199423244133908,0.3288612124106212,0.1648395875171826
490,0.12849393659958594,0.19442310667251156,0.6226409405024227,0.19442310522641396,0.32651279224901725,0.1648395875171826
491,0.12958521674916915,0.18798067850434122,0.6351451536421551,0.1879806788798026,0.3176282734878017,0.1648395875171826
492,0.12650169276479464,0.19386600986145291,0.6237222096080524,0.19386601326900393,0.324238254842744,0.1648395875171826
493,0.1300698534173159,0.1893786247014644,0.6324318580437303,0.1893786242646179,0.31777971370031866,0.1648395875171826
494,0.1252562653366013,0.20850026945065814,0.5953183397859214,0.2085002679192517,0.33066924034039064,0.1648395875171826
495,0.1304041908945808,0.17953092010827781,0.6515454368658598,0.1795309175432371,0.3116183117498406,0.1648395875171826
496,0.12652583072829998,0.1970309742161485,0.6175792851402064,0.19703097359034905,0.3196484285744043,0.1648395875171826
497,0.12439530660857015,0.1914553873229844,0.6284010344363259,0.19145538702583242,0.3204163936495603,0.1648395875171826
498,0.1296446658287871,0.20113615698324053,0.6096114568454123,0.20113616168639553,0.32904502709469746,0.1648395875171826
499,0.13243391729310575,0.19178068229231857,0.6277696565820916,0.19178068580931695,0.3238899952963816,0.1648395875171826
500,0.1275620383014331,0.19635580691068966,0.6188897259634447,0.19635580767699146,0.33729207497950636,0.1648395875171826
501,0.13141415032185924,0.18644778064039888,0.6381203860181559,0.18644777831003115,0.319892727671366,0.1648395875171826
502,0.12695312118451196,0.18967631001763835,0.6318540753998554,0.18967630969959237,0.3211096082820978,0.1648395875171826
503,0.12298694654286006,0.17977485997843848,0.6510719695282747,0.17977485759894724,0.3136372310393969,0.1648395875171826
504,0.12095128361067764,0.18151571462833047,0.6476931101448542,0.18151571505794845,0.3151402373960583,0.1648395875171826
505,0.12770798825110566,0.22419188310421348,0.5648622251594788,0.22419188106533172,0.351283995831599,0.1648395875171826
506,0.12734601746744184,0.18660590296886007,0.6378134773308538,0.18660590394264662,0.31804289370109,0.1648395875171826
507,0.12462786347118776,0.1952371817587385,0.6210608872220151,0.19523718099183757,0.32598315763402447,0.1648395875171826
508,0.1255788659970361,0.194893907328121,0.621727156056127,0.19489390566192738,0.3291512161004739,0.1648395875171826
509,0.12533031842404138,0.1913974729273607,0.6285134416855903,0.19139747251205066,0.3176510756843669,0.1648395875171826
510,0.1343289704860542,0.1811430909061574,0.6484163404605194,0.18114309200776185,0.3157794066939375,0.1648395875171826
511,0.13041060648945038,0.20849915943628985,0.5953204887103434,0.20849916074943958,0.3403666207758396,0.1648395875171826
512,0.12695929543493598,0.19627262440950077,0.6190511806954437,0.1962726228969823,0.3320452829409285,0.1648395875171826
513,0.12410395509172632,0.21259490068552214,0.5873709973066961,0.21259490130413983,0.32665217295844223,0.1648395875171826
514,0.1303618489806332,0.18592926571159532,0.6391267788633276,0.18592926413338348,0.31661765728195806,0.1648395875171826
515,0.12469150699786286,0.21519549699547394,0.582323460129635,0.21519549569033683,0.35674320425610606,0.1648395875171826
516,0.1261530246109907,0.18644973560168385,0.6381165832242351,0.18644973758723413,0.31732676174885827,0.1648395875171826
517,0.12470668194503531,0.18615168182043312,0.6386950852950678,0.18615168148877725,0.3166118186916573,0.1648395875171826
518,0.1252924032076872,0.19211455500072588,0.627121642086895,0.1921145561304789,0.31844352432228235,0.1648395875171826
519,0.12311212134796193,0.1858743981703916,0.6392332741734514,0.18587439557155827,0.31183177063966117,0.1648395875171826
520,0.1268483231712139,0.19424079782738948,0.6229947829716413,0.19424079834946215,0.32415072999661443,0.1648395875171826
521,0.12647378921113403,0.2037533747279342,0.6045316667444518,0.20375337343862449,0.3424501120600011,0.1648395875171826
522,0.12291437642491279,0.18874601422407944,0.6336596964781156,0.1887460167913871,0.32584201312455974,0.1648395875171826
523,0.12304908982161464,0.20411954302723823,0.6038209617354704,0.20411954319463912,0.3366158147149576,0.1648395875171826
524,0.12237110385056554,0.18799603500593615,0.6351153490516459,0.1879960348143984,0.3167720878532853,0.1648395875171826
525,0.12197501054450648,0.20316395532178808,0.6056756828079496,0.2031639529652158,0.31871035344199167,0.1648395875171826
526,0.12292839518036218,0.19415223651777969,0.6231666771630742,0.19415223494644426,0.33264731294884947,0.1648395875171826
527,0.1276161216977817,0.19166379571849293,0.6279965241946615,0.19166379897540906,0.3274421023896128,0.1648395875171826
528,0.12259458639530796,0.1965407714047837,0.6185307328111926,0.19654076829118416,0.32983610633588584,0.1648395875171826
529,0.12106015988645664,0.1914660898654898,0.6283802565210899,0.19146609223271338,0.3178979899240144,0.1648395875171826
530,0.1199776375471656,0.1964178689368258,0.6187692586420578,0.19641787490477586,0.32517989808152226,0.1648395875171826
531,0.12665087711158676,0.20144528887843943,0.6090114696715295,0.20144528734935857,0.3311254427436567,0.1648395875171826
532,0.12734232670434475,0.198283270823085,0.6151486754772526,0.19828327339969773,0.32596145408164195,0.1648395875171826
533,0.12573482086804771,0.2073035073173739,0.5976411535879904,0.2073035067420792,0.33579174274836854,0.1648395875171826
534,0.12391351380356114,0.17991754088423115,0.6507950300652658,0.17991754247427422,0.313619324418365,0.1648395875171826
535,0.12529435186441462,0.19417248610767984,0.6231273765856197,0.1941724834077269,0.3244491270153427,0.1648395875171826
536,0.12407914026459652,0.19361993808149403,0.6241998135441573,0.19361994195313437,0.32225534919477256,0.1648395875171826
537,0.12500998279941616,0.19211684786971386,0.6271171961734547,0.1921168467560115,0.32075856730408536,0.1648395875171826
538,0.12688834422065645,0.19704267555839436,0.6175565775775766,0.19704267299103245,0.32361205395216736,0.1648395875171826
539,0.12682758588498308,0.18584036898151063,0.6392993214181213,0.18584036668030163,0.31944482763549076,0.1648395875171826
540,0.12294456865854722,0.196903386876409,0.6178269242258643,0.19690338486868655,0.32517650621303323,0.1648395875171826
541,0.12267392970633942,0.19242891860256964,0.6265114842412105,0.19242892193156558,0.32159189318047193,0.1648395875171826
542,0.12089240460055779,0.19562041954916032,0.6203170440044543,0.19562042423065723,0.32269561628293353,0.1648395875171826
543,0.1219953280973988,0.19293642079599213,0.6255264799385034,0.19293641629369548,0.32925338503500745,0.1648395875171826
544,0.12563151382095186,0.2113835872019101,0.589722064303316,0.21138358350329844,0.3293980621190078,0.1648395875171826
545,0.12530238274515762,0.18164023592646183,0.647451422371276,0.18164023754191078,0.31503311532442685,0.1648395875171826
546,0.12480886308708002,0.1944337338875374,0.6226203138438706,0.19443373250275786,0.3233229627197084,0.1648395875171826
547,0.1252816545627208,0.2003893592851528,0.6110609417588926,0.20038935741400604,0.32752323932335026,0.1648395875171826
548,0.12177085906118895,0.19666138633352812,0.6182966245026158,0.19666138567976205,0.32982963243646524,0.1648395875171826
549,0.12411398496200789,0.19816054246109396,0.6153868878002677,0.1981605415389456,0.3198186686781586,0.1648395875171826
550,0.12100042598955271,0.18631901080135796,0.6383703138854724,0.1863190103612479,0.32560648825769095,0.1648395875171826
551,0.12203386581161524,0.19771946489189138,0.6162429875749231,0.19771946142603206,0.32474515406101184,0.1648395875171826
552,0.12242971735807201,0.1966031212387426,0.6184097072960679,0.19660312311179848,0.3304263205890684,0.1648395875171826
553,0.11884605095754215,0.21060164035166073,0.5912397479473996,0.21060164185009697,0.3245295717890323,0.1648395875171826
554,0.12628667988191988,0.19346203924824334,0.6245062851193885,0.19346204152959764,0.32291964660280686,0.1648395875171826
555,0.1251012640608286,0.19492522899155823,0.6216663555679739,0.19492523131691966,0.32268840332144955,0.1648395875171826
556,0.12699586623541356,0.18809408509073955,0.6349250418540895,0.18809408497475524,0.3211467120402261,0.1648395875171826
557,0.1302133537248197,0.19148834167400877,0.6283370741195067,0.1914883406891785,0.3205431484785236,0.1648395875171826
558,0.12593429438510345,0.185466617123736,0.6400247362108216,0.18546661814286955,0.32190078701241004,0.1648395875171826
559,0.12400229627615579,0.1930360474280913,0.6253331040677916,0.19303604749722272,0.32782224820019057,0.1648395875171826
560,0.12469024681926366,0.18315224711479267,0.6445167383697981,0.18315224675982983,0.31891812510710715,0.1648395875171826
561,0.12347934420033671,0.21044995390356208,0.5915341654249815,0.21044995194420044,0.33071450931304613,0.1648395875171826
562,0.1250598379233188,0.20233711507032595,0.6072805071370535,0.20233711464888463,0.3317968045901257,0.1648395875171826
563,0.13698554311818745,0.18162577020784426,0.6474795044311765,0.18162576909031383,0.31797602492899546,0.1648395875171826
564,0.1262424959274469,0.20110407991309812,0.6096737268908413,0.20110407888543927,0.3265572894703258,0.1648395875171826
565,0.1280836510816419,0.1858729694355085,0.639236046531901,0.1858729671957846,0.31917052759321185,0.1648395875171826
566,0.12230582502153185,0.22690142853249382,0.5596032187058777,0.22690142874778618,0.3449666290453756,0.1648395875171826
567,0.12688981158223317,0.20650858530877422,0.5991840321944046,0.20650858412899592,0.34791462822926916,0.1648395875171826
568,0.12846322749582295,0.18580251727836142,0.6393727814459356,0.18580251857156224,0.3168451825126273,0.1648395875171826
569,0.1342657580699889,0.2057752214849617,0.600607424492798,0.20577522330554712,0.3435383923185209,0.1648395875171826
570,0.12564460712285777,0.19066335618407113,0.6299383007109709,0.19066335600086046,0.3187125876834602,0.1648395875171826
571,0.12356227768792047,0.22020172397710172,0.5726067857902688,0.22020172503606564,0.34167353051607724,0.1648395875171826
572,0.12226436855781138,0.2105394468577537,0.5913604594972914,0.21053944879079184,0.3373089575731985,0.1648395875171826
573,0.12220967697662304,0.19692630170887523,0.6177824413905031,0.19692630333523067,0.3260337840960029,0.1648395875171826
574,0.12291802286508664,0.19381633671847256,0.6238186306243902,0.1938163351893775,0.3309499439290668,0.1648395875171826
575,0.12730211178659404,0.20325241394440927,0.6055039880748798,0.20325241360320573,0.3312281055706269,0.1648395875171826
576,0.12301863524846572,0.19264325939241003,0.6260954675064161,0.19264326226173434,0.3295642807302461,0.1648395875171826
577,0.12363771342519504,0.216285148071994,0.5802085396807968,0.2162851459600758,0.3316841402636555,0.1648395875171826
578,0.1223877125909277,0.18663561255317154,0.6377558161590593,0.18663561215764538,0.31898851366227854,0.1648395875171826
579,0.12084458504940937,0.198750184651814,0.6142424447025663,0.19875018202910982,0.3302408224068882,0.1648395875171826
580,0.12206485765688059,0.19584431875658107,0.6198824854236116,0.19584431769912913,0.31964597901004616,0.1648395875171826
581,0.12523214288216522,0.18972168771769357,0.6317659990054647,0.18972168845932685,0.3137066239926925,0.1648395875171826
582,0.12177257008022732,0.18182110999628967,0.647100358456075,0.1818211128510055,0.3111031705682928,0.1648395875171826
583,0.12099904470380464,0.19674928604046385,0.6181260061705331,0.1967492917339488,0.3235566214548671,0.1648395875171826
584,0.12813909690376143,0.19852352248929475,0.6146823693625771,0.19852352384690297,0.334350124734347,0.1648395875171826
585,0.12239299431369079,0.203161871024642,0.6056797217725047,0.2031618720080718,0.3251891704678713,0.1648395875171826
586,0.12361967152426294,0.19788814017385378,0.6159155985781692,0.19788813893294177,0.3260189161570701,0.1648395875171826
587,0.12355981740983168,0.19234396306306523,0.6266763758084177,0.19234396642376675,0.3194127388398445,0.1648395875171826
588,0.12774721877294196,0.2069991736404942,0.598231845076949,0.20699917040610502,0.3405380440895319,0.1648395875171826
589,0.12425405111281235,0.2167561622739016,0.5792943373835998,0.21675616168091952,0.3368819026406938,0.1648395875171826
590,0.1252865805455899,0.20030768368887297,0.6112194689408924,0.20030768096763094,0.33324637462769463,0.1648395875171826
591,0.12522038893517767,0.18495773167617274,0.6410124451525134,0.18495773029541918,0.3184883875214396,0.1648395875171826
592,0.12298051112919897,0.19807252798634742,0.6155577185783792,0.1980725260282199,0.3278641686531897,0.1648395875171826
593,0.13098324772532702,0.19784648443298794,0.6159964499565717,0.19784648264921095,0.3267652885391531,0.1648395875171826
594,0.12647074943355857,0.22505103493589582,0.5631946703998965,0.22505103938241236,0.3402707608730356,0.1648395875171826
595,0.121754442716317,0.187165373661479,0.6367275902318092,0.18716537518471152,0.31938457702204653,0.1648395875171826
596,0.11920338967941689,0.20458979151820994,0.6029082420934474,0.20458979502121383,0.3315011683945862,0.1648395875171826
597,0.12341280206914367,0.22884704956532234,0.5558269322258281,0.2288470487751768,0.35635233991369936,0.1648395875171826
598,0.12331265770578463,0.19793731125207664,0.615820153698206,0.19793731408714413,0.32690713018312184,0.1648395875171826
599,0.12457473438177535,0.1972560228782688,0.6171424832511581,0.19725602285708882,0.3256398185354764,0.1648395875171826
600,0.12188647655309927,0.18911567352567807,0.63294222040873,0.1891156751362041,0.31243173056316803,0.1648395875171826
